sku,qty
25-UZ7P-MB9Z,9
2L-4L4E-SECU,7
48-J9LB-ACWM,15
A-TSHIRT-BLACK-PRINT-COFFEE-M,1
A-TSHIRT-BLACK-PRINT-SUN-L,2
A-TSHIRT-BLACK-PRINT-SUN-M,1
AK-O5V0-6K6W,2
AK-ZZR6-ZP97,3
BANDANA-HANKY-PAISLEY-BLACK,1
BANDANA-HANKY-PAISLEYPO3-BLACKBLUEORANGE,3
BANDANA-PACKOF5-PATTERN-BLACK,200
BANDANA-PACKOF5-PATTERN-BLUE,15
BANDANA-PACKOF5-PATTERN-CAMOCHECKED,30
BANDANA-PACKOF5-PATTERN-CAMOREGULAR,170
BANDANA-PACKOF5-PATTERN-MULTICOLOR,20
BANDANA-PACKOF5-PATTERN-SKULL,35
BANDANA-PACKOF5-SOLID-BLACK,35
BEANIE-FOLD-BINGO-BRICK,1
BEANIE-FOLD-BINGO-LIGHTBROWN,1
BEANIE-FOLD-BRAND-GREEN,1
BEANIE-FOLD-BRAND-GREY,1
BEANIE-FOLD-BRAND-MAROON,1
BEANIE-FOLD-KING-ASHGREEN,1
BEANIE-FOLD-PLAIN-GREY,1
BEANIE-FUR-SHORT-GREY,1
BEANIE-FUR-SHORT-MAROON,1
BEANIE-LONG-SLOUCHY-BLACK,1
BEANIE-LONGFUR-BEIGE,2
BEANIE-LONGFUR-BLACK,3
BEANIE-LONGFUR-CHARCOAL,1
BEANIE-LONGFUR-MAROON,5
BEANIE-SHORTFUR-BLACK,8
BEANIE-SHORTFUR-GREY,2
BEANIE-SHORTFUR-OLIVE,3
BEANIE-SLOUCHY-LONG-BIEGE,1
BEANIE-SLOUCHY-LONG-BLACK,-1
BEANIE-SLOUCHY-LONG-MAROON,4
BLACK-PARA-CAP,-3
BOX-PLAIN-5X3X2,0
BOX-PLAIN-7X5X1.5,3
BOX-PLAIN-9X6X4,-1
Bandana,1
CAP-BASEBALL-NET-BLACK,3
CAP-BASEBALL-NET-HALF-BLACK,16
CAP-BASEBALL-NET-HALF-NAVYBLUE,3
CAP-BASEBALL-NET-HALF-PINK,1
CAP-BASEBALL-NET-HALF-WHITE,2
CAP-BASEBALL-NY-BLACKWHITE_,1
CAP-BASEBALL-NY-GREYWHITE,2
CAP-BASEBALL-NY-NAVYWHITE,24
CAP-BASEBALL-NY-WHITEBLACK_,17
CAP-BASEBALL-PLAIN-BEIGE,1
CAP-BASEBALL-PLAIN-CHARCOAL,2
CAP-BASEBALL-PLAIN-MAROON,2
CAP-BASEBALL-PLAIN-MUSTARD,1
CAP-BASEBALL-PLAIN-OLIVEGREEN,2
CAP-BLACK-DRYFIT,2
CAP-NAVYBLUE-DRYFIT,26
CAP-NY-BASEBALL-BLACKBLACK,1
CAP-NY-BASEBALL-BLACKWHITE,-1
CAP-NY-BASEBALL-WHITEBLACK,2
CAP-TRUCKER-BLACK,-1
CAP-TRUCKER-OLIVE,1
CAPS-DRYFIT-BLACK,1
CAPS-PARA-BLACK,33
CAPS-PARA-NAVY,-1
CAPS-PARA-NAVYBLUE,15
CAPS-PARA-WHITE,25
EARMUFF-PREMIUM,11
GARLAND-22-6ROSE,-1
GIRLS-EARMUFFS,3
L-ARMSLEEVES-HALF-BEIGE,2
L-ARMSLEEVES-HALF-WHITE,4
L-CAP-BASEBALL-BEIGE,264
L-CAP-BASEBALL-BLACK,79
L-CAP-BASEBALL-CAMOUFLAGE,5
L-CAP-BASEBALL-CHARCOAL,53
L-CAP-BASEBALL-FULLNET-BLACK,24
L-CAP-BASEBALL-FULLNET-WHITE,39
L-CAP-BASEBALL-GREY,2
L-CAP-BASEBALL-GREY-FBA,138
L-CAP-BASEBALL-MAROON,23
L-CAP-BASEBALL-MUSTARD,7
L-CAP-BASEBALL-NAVYBLUE,51
L-CAP-BASEBALL-NET-HALF-BLACK,8
L-CAP-BASEBALL-NET-HALF-CHARCOAL,6
L-CAP-BASEBALL-NET-HALF-GREY,1
L-CAP-BASEBALL-NET-HALF-NAVYBLUE,4
L-CAP-BASEBALL-NET-HALF-OLIVE,1
L-CAP-BASEBALL-NET-HALF-RED,3
L-CAP-BASEBALL-NET-HALF-WHITE,1
L-CAP-BASEBALL-OLIVEGREEN,25
L-CAP-BASEBALL-ORANGE,5
L-CAP-BASEBALL-PINK,6
L-CAP-BASEBALL-PO2-BEIGEMAROON,1
L-CAP-BASEBALL-PO2-BEIGENAVYBLUE,2
L-CAP-BASEBALL-PO2-BLACKGREY,3
L-CAP-BASEBALL-PO2-BLACKORANGE,1
L-CAP-BASEBALL-PO2-BLACKWHITE,2
L-CAP-BASEBALL-PO2-GREYWHITE,1
L-CAP-BASEBALL-PO2-MAROONGREY,1
L-CAP-BASEBALL-PO2-OLIVEBEIGE,-1
L-CAP-BASEBALL-WHITE,47
L-CAP-RAIN-BASEBALL-BLACK,85
L-CAP-RAIN-BASEBALL-BLACK1,7
L-CAP-RAIN-BASEBALL-GREY,31
L-CAP-RAIN-BASEBALL-NAVYBLUE,113
L-CAP-RAIN-BASEBALL-NAVYBLUE1,9
L-CAP-RAIN-MILITARY-BLACK,103
L-CAP-RAIN-MILITARY-NAVY,99
L-MASK-HALF-PACKOF2-BLACK,3
L-MASK-HALF-PACKOF4-BLACK,3
L-STOLE-SILK-WHITE,-2
M-PLANTER-BROWN-ROUND-ROSE12,-2
M-PLANTER-BROWN-ROUND-ROSE8,4
M-PLANTERS-COLOR-SQUARE-STERLING4,1
MASK-HALFBIKER-BLACK,56
MUFFLER-COMP-BEIGE,1
PLANTER-BROWN-RECTANGLE-ORCHID18,4
PLANTER-BROWN-ROUND-PLAIN12,3
PLANTER-BROWN-ROUND-ROSE10,8
PLANTER-BROWN-ROUND-ROSE12,8
PLANTER-BROWN-ROUND-ROSE8,8
PLANTER-BROWN-SQUARE-ORCHID10,38
PLANTER-BROWN-SQUARE-ORCHID12,20
PLANTER-BROWN-SQUARE-ORCHID8,54
PLANTER-COLOR-EXPERT,6
PLANTER-COLOR-SINGLEHOOK-RAJ6,8
PLANTER-COLOUR-HOOK-RAJ6,42
PLANTER-COLOUR-HOOK-RAJ7,4
PLANTER-COLOUR-HOOK-RAJ9,14
PLANTER-MULTICOLOUR-DOUBLEHOOK11,9
PLANTER-MULTICOLOUR-DOUBLEHOOK9,96
PLANTER-ROUNDORCHID-SAUCER10,6
PLANTER-ROUNDORCHID-SAUCER12,72
PLANTER-ROUNDORCHID-SAUCER14,61
PLANTER-ROUNDORCHID-SAUCER8,44
PLANTERS-COLOR-ROUND-FULORA5,1
S5-Q8QK-YJ7R,1
SLEEVES-HALF-WHITE,1
SWEATSHIRT-BLACK-SOLID-L,-1
TSHIRT-BLACK-PRINT-SUN-M,1
VF-QQRJ-ZZ5R,6
WJ-C4SJ-YSNH,3
